-- Initialize test data in database
DELETE COURSE_RECORD;
DELETE STUDENT_COURSE;
DELETE COURSE;
DELETE STUDENT;

INSERT INTO COURSE (COURSE_ID, COURSE_NAME) VALUES ('CHM01',	'Chemistry');
INSERT INTO COURSE (COURSE_ID, COURSE_NAME) VALUES ('PHY01',	'Physics');
INSERT INTO COURSE (COURSE_ID, COURSE_NAME) VALUES ('ENG01',	'English');
INSERT INTO COURSE (COURSE_ID, COURSE_NAME) VALUES ('CMP01',	'Computer');
INSERT INTO COURSE (COURSE_ID, COURSE_NAME) VALUES ('HST01',	'History');
INSERT INTO COURSE (COURSE_ID, COURSE_NAME) VALUES ('MTH01',	'Math');
INSERT INTO COURSE (COURSE_ID, COURSE_NAME) VALUES ('ART01',	'Arts');

INSERT INTO STUDENT (STUDENT_ID, NAME) VALUES (101,	'Andy');
INSERT INTO STUDENT (STUDENT_ID, NAME) VALUES (102,	'Jack');
INSERT INTO STUDENT (STUDENT_ID, NAME) VALUES (103,	'Jane');
INSERT INTO STUDENT (STUDENT_ID, NAME) VALUES (104,	'Michael');
INSERT INTO STUDENT (STUDENT_ID, NAME) VALUES (105,	'Tom');
INSERT INTO STUDENT (STUDENT_ID, NAME) VALUES (106,	'Black');
INSERT INTO STUDENT (STUDENT_ID, NAME) VALUES (107,	'Mark');

INSERT INTO STUDENT_COURSE (FK_STUDENT, FK_COURSE) VALUES (101, 'CHM01');
INSERT INTO STUDENT_COURSE (FK_STUDENT, FK_COURSE) VALUES (101, 'PHY01');
INSERT INTO STUDENT_COURSE (FK_STUDENT, FK_COURSE) VALUES (101, 'ENG01');
INSERT INTO STUDENT_COURSE (FK_STUDENT, FK_COURSE) VALUES (102, 'CHM01');
INSERT INTO STUDENT_COURSE (FK_STUDENT, FK_COURSE) VALUES (102, 'PHY01');
INSERT INTO STUDENT_COURSE (FK_STUDENT, FK_COURSE) VALUES (102, 'ENG01');
INSERT INTO STUDENT_COURSE (FK_STUDENT, FK_COURSE) VALUES (103, 'HST01');
INSERT INTO STUDENT_COURSE (FK_STUDENT, FK_COURSE) VALUES (103, 'MTH01');
INSERT INTO STUDENT_COURSE (FK_STUDENT, FK_COURSE) VALUES (104, 'ART01');

INSERT INTO COURSE_RECORD (ID, RATING, COURSE_ID, STUDENT_ID) VALUES (1, 'NA', 'CHM01', 101);
INSERT INTO COURSE_RECORD (ID, RATING, COURSE_ID, STUDENT_ID) VALUES (2, 'NA', 'PHY01', 101);
INSERT INTO COURSE_RECORD (ID, RATING, COURSE_ID, STUDENT_ID) VALUES (3, 'NA', 'ENG01', 101);
INSERT INTO COURSE_RECORD (ID, RATING, COURSE_ID, STUDENT_ID) VALUES (4, 'GOOD', 'CHM01', 102);
INSERT INTO COURSE_RECORD (ID, RATING, COURSE_ID, STUDENT_ID) VALUES (5, 'NA', 'PHY01', 102);
INSERT INTO COURSE_RECORD (ID, RATING, COURSE_ID, STUDENT_ID) VALUES (6, 'GOOD', 'ENG01', 102);
INSERT INTO COURSE_RECORD (ID, RATING, COURSE_ID, STUDENT_ID) VALUES (7, 'NA', 'HST01', 103);
INSERT INTO COURSE_RECORD (ID, RATING, COURSE_ID, STUDENT_ID) VALUES (8, 'NA', 'MTH01', 103);
INSERT INTO COURSE_RECORD (ID, RATING, COURSE_ID, STUDENT_ID) VALUES (9, 'NA', 'ART01', 104);

COMMIT;